<?xml version="1.0" encoding="utf-8" ?>
<dwsync>
<file name="pg1.css" server="C:/AppServ/www/" local="132641407816110675" remote="132641407810000000" Dst="0" />
<file name="home.html" server="C:/AppServ/www/" local="132814999997121478" remote="132814999990000000" Dst="0" />
<file name="tennisgt.png" server="C:/AppServ/www/" local="132812511486840848" remote="132812511480000000" Dst="0" />
<file name="adidas1.jpg" server="C:/AppServ/www/" local="132814502988278120" remote="132814502980000000" Dst="0" />
<file name="adidas2.jpg" server="C:/AppServ/www/" local="132814503183899814" remote="132814503180000000" Dst="0" />
<file name="adidas3.jpg" server="C:/AppServ/www/" local="132814503465959481" remote="132814503460000000" Dst="0" />
<file name="nike1.jpg" server="C:/AppServ/www/" local="132814500730648425" remote="132814500730000000" Dst="0" />
<file name="nike2.jpg" server="C:/AppServ/www/" local="132814501122278008" remote="132814501120000000" Dst="0" />
<file name="nike3.jpg" server="C:/AppServ/www/" local="132814501845960691" remote="132814501840000000" Dst="0" />
<file name="Reebok1.jpg" server="C:/AppServ/www/" local="132814502378158674" remote="132814502370000000" Dst="0" />
<file name="Reebok2.jpg" server="C:/AppServ/www/" local="132814504842790035" remote="132814504840000000" Dst="0" />
<file name="Reebok3.jpg" server="C:/AppServ/www/" local="132814505275137917" remote="132814505270000000" Dst="0" />
</dwsync>